time,sales,3 lags,5 lags
10,27,,
9,15,,
8,18,20,
7,12,15,
6,18,16,
5,17,15.66666667,
4,23,19.33333333,
3,22,20.66666667,
2,19,21.33333333,
1,12,17.66666667,
